<Scene>
    <BackgroundColor>0 0 0</BackgroundColor>

    <ShadowRayEpsilon>1e-3</ShadowRayEpsilon>

    <MaxRecursionDepth>6</MaxRecursionDepth>

    <Cameras>
        <Camera id="1">
            <Position>0 5 25</Position>
            <Gaze>0 0 -1</Gaze>
            <Up>0 1 0</Up>
            <NearPlane>-1 1 -1 1</NearPlane>
            <NearDistance>1</NearDistance>
            <ImageResolution>800 800</ImageResolution>
            <NumSamples>1</NumSamples>
            <ImageName>simple_reflectance.ppm</ImageName>
        </Camera>
    </Cameras>

    <Lights>
        <AmbientLight>25 25 25</AmbientLight>
        <PointLight id="1">
            <Position>10 10 10</Position>
            <Intensity>100000 100000 100000</Intensity>
        </PointLight>
        <PointLight id="2">
            <Position>-10 10 5</Position>
            <Intensity>10000 10000 10000</Intensity>
        </PointLight>
    </Lights>

    <Materials>
        <Material id="1">
            <AmbientReflectance>1 1 1</AmbientReflectance>
            <DiffuseReflectance>0.4 0.4 0.4</DiffuseReflectance>
            <SpecularReflectance>0 0 0</SpecularReflectance>
            <MirrorReflectance>0.5 0.5 0.5</MirrorReflectance>
            <PhongExponent>1</PhongExponent>
        </Material>
        <Material id="2">
            <AmbientReflectance>1 1 1</AmbientReflectance>
            <DiffuseReflectance>1 0 0</DiffuseReflectance>
            <SpecularReflectance>1 1 1</SpecularReflectance>
            <MirrorReflectance>0 0 0</MirrorReflectance>
            <PhongExponent>100</PhongExponent>
        </Material>
    </Materials>

    <VertexData>
        -100 0  100
         100 0  100
         100 0 -100
        -100 0 -100 
          0 5 0
    </VertexData>

    <Objects>
        <Mesh id="1">
            <Material>1</Material>
            <Faces>
                3 1 2
                1 3 4
            </Faces>
        </Mesh>
        <Sphere id="1">
            <Material>2</Material>
            <Center>5</Center>
            <Radius>5</Radius>
        </Sphere>
    </Objects>
</Scene>
